[
    {
      "title": "General",
      "value": "General",
      "selectable": false,
      "children": [
        {
          "title": "Daily Budget",
          "value": "Daily Budget"
        },
        {
          "title": "Current Bid",
          "value": "CurrentBid"
        },
        {
          "title": "Time greater than",
          "value": "Time greater than"
        },
        {
          "title": "Time less than",
          "value": "Time less than"
        }
      ]
    },
    {
      "title": "Performance",
      "value": "Performance",
      "selectable": false,
      "children": [
        {
          "title": "Avg. Cost",
          "value": "avgcost"
        },
        {
          "title": "Avg. CPC",
          "value": "avgcpc"
        },
        {
          "title": "Avg. CPE",
          "value": "avgcpe"
        },
        {
          "title": "Avg. CPV",
          "value": "avgcpv"
        },
        {
          "title": "Clicks",
          "value": "clicks"
        },
        {
          "title": "Cost",
          "value": "cost"
        },
        {
          "title": "CTR",
          "value": "ctr"
        },
        {
          "title": "Engagement Rate",
          "value": "engagement rate"
        },
        {
          "title": "Engagements",
          "value": "engagements"
        },
        {
          "title": "Impression",
          "value": "impression"
        },
        {
          "title": "Interactions",
          "value": "interactions"
        },
        {
          "title": "Interaction Rate",
          "value": "interaction rate"
        },
        {
          "title": "Views",
          "value": "Views"
        },
        {
          "title": "View Rate",
          "value": "view Rate"
        },
        {
          "title": "Impr. (Abs. Top) %",
          "value": "imprAbs"
        },
        {
          "title": "Impr. (Top) %",
          "value": "imprTop"
        },
        {
          "title": "Video Played to 100%",
          "value": "videoPlayed100"
        },
        {
          "title": "Video Played to 25%",
          "value": "videoPlayed25"
        },
        {
          "title": "Video Played to 50%",
          "value": "videoPlayed50"
        },
        {
          "title": "Video Played to 75%",
          "value": "videoPlayed75"
        }
      ]
    },
    {
      "title": "Viewability",
      "value": "viewability",
      "selectable": false,
      "children": [
        {
          "title": "Active View avg. CPM",
          "value": "activeViewAvgCPM"
        },
        {
          "title": "Active View viewable CTR",
          "value": "activeViewViewableCTR"
        },
        {
          "title": "Active View viewable impressions",
          "value": "activeViewViewableImpressions"
        },
        {
          "title": "Active View measurable impr. / impr",
          "value": "activeViewMeasurableImprImpr"
        },
        {
          "title": "Active View measurable cost",
          "value": "activeViewMeasurableCost"
        },
        {
          "title": "Active View measurable impr.",
          "value": "activeViewMeasurableImpr"
        },
        {
          "title": "Active View viewable impr. / measurable imp",
          "value": "activeViewViewableImprMeasurableImp"
        }
      ]
    },
    {
        "title": "Conversions",
        "value": "conversions",
        "selectable": false,
        "children": [
          {
            "title": "All conv. rate",
            "value": "allConvRate"
          },
          {
            "title": "All conv.",
            "value": "allConv"
          },
          {
            "title": "All conv. by conv. date",
            "value": "allConvByConvDate"
          },
          {
            "title": "All conv. value",
            "value": "allConvValue"
          },
          {
            "title": "All conv. value by conv. date",
            "value": "allConvValueByConvDate"
          },
          {
            "title": "Conv. value by conv. date",
            "value": "convValueByConvDate"
          },
          {
            "title": "Conversions by conv. date",
            "value": "conversionsByConvDate"
          },
          {
            "title": "Total conv. value",
            "value": "totalConvValue"
          },
          {
            "title": "Conv. from interactions value",
            "value": "convFromInteractionsValue"
          },
          {
            "title": "Cost / All conv.",
            "value": "costAllConv"
          },
          {
            "title": "Cost / conv.",
            "value": "costConv"
          },
          {
            "title": "Cross-device conv.",
            "value": "crossDeviceConv"
          },
          {
            "title": "Value / all conv.",
            "value": "valueAllConv"
          },
          {
            "title": "Value / conv.",
            "value": "valueConv"
          },
          {
            "title": "View-through conv.",
            "value": "viewThroughConv"
          },
          {
            "title": "Conv. value / Cost",
            "value": "convValueCost"
          },
          {
            "title": "All conv. value / Cost",
            "value": "allConvValueCost"
          },
          {
            "title": "All conv. from interactions value",
            "value": "allConvFromInteractionsValue"
          }
        ]
      },
    {
      "title": "Attribution",
      "value": "attribution",
      "selectable": false,
      "children": [
        {
          "title": "Conversions (current model)",
          "value": "conversionsCurrentModel"
        },
        {
          "title": "Conv. value (current model)",
          "value": "convValueCurrentModel"
        },
        {
          "title": "Cost / conv. (current model)",
          "value": "costConvCurrentModel"
        },
        {
          "title": "Conv. from interactions (current model)",
          "value": "convFromInteractionsCurrentModel"
        },
        {
          "title": "Conv. from interactions value (current model)",
          "value": "convFromInteractionsValueCurrentModel"
        },
        {
          "title": "Conv. value / Cost (current model)",
          "value": "convValueCostCurrentModel"
        }
      ]
    },
    {
        "title": "Competitive",
        "value": "competitive",
        "selectable": false,
        "children": [
            {
                "title": "Content Impr. share",
                "value": "contentImprShare"
            },
            {
                "title": "Content Lost IS (rank)",
                "value": "contentLostISRank"
            },
            {
                "title": "Search Exact match IS",
                "value": "searchExactMatchIS"
            },
            {
                "title": "Search Impr. share",
                "value": "searchImprShare"
            },
            {
                "title": "Search Lost IS (rank)",
                "value": "searchLostISRank"
            },
            {
                "title": "Relative CTR",
                "value": "relativeCTR"
            },
            {
                "title": "Search abs. top IS",
                "value": "searchAbsTopIS"
            },
            {
                "title": "Search lost abs. top IS (budget)",
                "value": "searchLostAbsTopISBudget"
            },
            {
                "title": "Search lost abs. top IS (rank)",
                "value": "searchLostAbsTopISRank"
            },
            {
                "title": "Search lost top IS (rank)",
                "value": "searchLostTopISRank"
            },
            {
                "title": "Search Lost IS (budget)",
                "value": "searchLostISBudget"
            },
            {
                "title": "Search click share",
                "value": "searchClickShare"
            },
            {
                "title": "Search top IS",
                "value": "searchTopIS"
            },
            {
                "title": "Search lost top IS (budget)",
                "value": "searchLostTopISBudget"
            },
            {
                "title": "Content Lost IS (budget)",
                "value": "contentLostISBudget"
            }
        ]
    },    
    {
        "title": "Google Analytics",
        "value": "Google Analytics",
        "selectable": false,
        "children": [
            {
                "title": "Pages / session",
                "value": "pagesPerSession"
            },
            {
                "title": "Avg. session duration (seconds)",
                "value": "avgSessionDuration"
            },
            {
                "title": "Bounce rate",
                "value": "bounceRate"
            },
            {
                "title": "% new sessions",
                "value": "newSessionsPercentage"
            }
        ]
    },    
    {
        "title": "Call details",
        "value": "Call details",
        "selectable": false,
        "children": [
            {
                "title": "Phone impressions",
                "value": "phoneImpressions"
            },
            {
                "title": "Phone calls",
                "value": "phoneCalls"
            },
            {
                "title": "PTR",
                "value": "PTR"
            }
        ]
    },    
    {
        "title": "Gmail",
        "value": "Gmail",
        "selectable": false,
        "children": [
            {
                "title": "Gmail forwards",
                "value": "gmailForwards"
            },
            {
                "title": "Gmail saves",
                "value": "gmailSaves"
            },
            {
                "title": "Gmail clicks to website",
                "value": "gmailClicksToWebsite"
            }
        ]
    }
    
  ]
  